Age,Position,Working Mode,Monthly Salary (MYR),Company Type,Total Experience (Years)
28,FREELANCE,Fully work from home,0,Local,0
33,"EXECUTIVE, IT SUPPORT",Hybrid,300,Local,6
24,MARKETING,Fully onsite,500,MNC (Local),2
22,WEB DEVELOPER,Fully onsite,1000,Local,1
24,IT INTERN,Fully onsite,1000,MNC (Local),0
22,DEVELOPER,Fully onsite,1500,MNC (Local),2
23,NETWORK / IT TECHNICIAN,Hybrid,1500,MNC (Local),
24,IT ADMINISTRATOR,Fully onsite,1500,MNC (Local),1
24,IT SUPPORT EXECUTIVE,Fully onsite,1600,MNC (Local),2
32,IT SUPPORT,Fully onsite,1600,MNC (Local),
22,CUSTOMER SUPPORT ENGINEER,Fully onsite,1700,Local,1
28,IT SUPPORT,Fully onsite,1700,Local,
35,IT SUPPORT,Fully onsite,1700,MNC (Local),7
23,JR WEB DEV,Fully onsite,1800,Local,1
29,IT SUPPORT,Fully onsite,1840,Local,
30,SOFTWARE ENGINEER,Fully onsite,1850,Local,
22,PERSONEL MYSTEP IN IT ( JUNIOR DEVELOPER),Fully onsite,1900,Local,1
25,IT SUPPORT,Fully onsite,1900,Local,5
27,IT SUPPORT TECHNICIAN,Fully onsite,1900,MNC (Local),3
21,HI,Fully work from home,2000,Local,
21,INTERN,Hybrid,2000,Local,0
22,IT SUPPORT TECHNICIAN (MOSTLY NETWORK RELATED),Fully onsite,2000,MNC (Local),2
25,JUNIOR SOFTWARE ENGINEER,Fully onsite,2000,Local,
25,TECHNICAL SUPPORT ENGINEER,Fully onsite,2000,MNC (Local),1
25,IT SUPPORT,Hybrid,2000,Local,1
27,IT TECHNICIAN,Fully onsite,2000,Local,1
28,IT PROTEGE,Hybrid,2000,Local,
30,NETWORK AND SYSTEM ENGINEER,Hybrid,2000,Local,
30,JUNIOR SOFTWARE DEVELOPER,Fully onsite,2000,Local,1
31,IT TECHNICIAN,Fully onsite,2000,Local,1
38,IT SUPPORT,Fully onsite,2000,Local,5
23,SYSTEM ENGINEER,Fully onsite,2100,Local,5
28,SYSTEM & NETWORK ENGINEER,Fully onsite,2100,Local,3
31,IT TECHNICIAN,Fully onsite,2100,MNC (Local),7
24,ENGINEERING FIELD SERVICE,Fully onsite,2200,MNC (Local),1
26,WEB DEVELOPER,Fully onsite,2200,Local,
27,SUPPORT EXECUTIVE,Hybrid,2200,Local,1
28,NETWORK ENGINEER,Hybrid,2200,Local,
29,SYSTEM SUPPORT ENGINEER,Fully onsite,2200,Local,
32,PRINTING OPERATOR,Fully onsite,2200,Local,6
36,IT EXEC,Fully onsite,2200,Local,11
23,PROGRAMMER,Fully work from home,2300,Local,2
23,SENIOR SYSTEM ENGINEER,Fully onsite,2300,Local,3
24,JUNIOR SOFTWARE ENGINEER,Fully onsite,2300,Local,
26,IT EXECUTIVE (PHP PROGRAMMER),Fully onsite,2300,Local,2
27,IT SUPPORT EXECUTIVE,Fully onsite,2300,Local,
27,IT TECHNICAL SPECIALIST,Fully onsite,2300,Local,
29,IT TECHNICAL SUPPORT,Fully onsite,2300,Local,
25,TECHNICAL SUPPORT,Fully onsite,2350,Local,2
21,IT ANALYST,Fully onsite,2400,MNC (Oversea),
25,JUNIOR SOFTWARE DEVELOPER,Fully onsite,2400,Local,
27,IT TECHNICIAN,Fully onsite,2400,MNC (Oversea),6
29,IT EXECUTIVE,Fully onsite,2400,Local,
30,NETWORK ENGINEER,Hybrid,2400,Local,
21,IT EXECUTIVE,Fully onsite,2500,Local,1
22,DATA STEWARD,Fully onsite,2500,MNC (Oversea),0
23,NETWORK SUPPORT ANALYST,Fully onsite,2500,Local,
23,JUNIOR SOFTWARE DEVELOPER,Fully onsite,2500,MNC (Local),
24,FRONTEND DEVELOPER,Fully work from home,2500,Local,
24,QUEUE COORDINATOR,Fully onsite,2500,MNC (Local),0
24,DATA CENTER OPERATOR,Fully onsite,2500,MNC (Local),3
25,THREAT ANALYST,Fully onsite,2500,Local,2
26,SYSTEM ANALYST,Fully onsite,2500,MNC (Local),1
27,IT ENGINEER,Fully onsite,2500,Local,4
28,JUNIOR FULL-STACK DEVELOPER,Hybrid,2500,Local,
30,IT SYSTEM SUPPORT,Fully onsite,2500,MNC (Local),
36,IT TECHNITION,Fully onsite,2500,Local,
40,IT TECHNICAL SUPPORT,Fully onsite,2500,Local,
42,IT EXEC,Fully onsite,2500,Local,20
26,IT EXECUTIVE,Hybrid,2600,Local,1
28,RECONFIG TECHNICIAN,Fully onsite,2600,MNC (Local),
29,IT CUSTOMER ENGINEER,Fully onsite,2600,Local,4
29,NETWORK ENGINEER,Fully onsite,2600,MNC (Local),2
30,CUSTOMER ENGINEER,Fully onsite,2600,MNC (Local),2
32,EXEC MIS,Fully onsite,2600,Local,
26,NETWORK ENGINEER,Fully onsite,2650,Local,
24,SERVICE DESK,Fully onsite,2700,MNC (Oversea),
25,TEST ANALYST,Fully onsite,2700,MNC (Oversea),
27,SYSTEM ENGINEER,Fully work from home,2700,Local,
30,IT EXECUTIVE,Fully onsite,2700,MNC (Oversea),8
32,IT SERVICE DESK (L1),Fully work from home,2700,MNC (Oversea),4
32,ASSISTAND EXECUTIVE,Fully onsite,2700,Local,9
24,HELP DESK EXECUTIVE,Fully onsite,2750,Local,2
29,IT EXECUTIVE,Fully onsite,2750,MNC (Local),3.5
24,"ASSISTANT MANAGER, IDENTITY & ACCESS MANAGEMENT (IT)",Fully onsite,2800,MNC (Oversea),
24,IT ENGINEER,Hybrid,2800,MNC (Oversea),2
24,SOFTWARE ENGINEER,Hybrid,2800,Local,1.5
25,IT EXECUTIVE (SUPPORT/HARDWARE/NETWORK),Fully onsite,2800,Local,
26,JUNIOR IT LECTURER,Fully onsite,2800,Local,
27,IT ASSISTANT,Fully onsite,2800,Local,
27,ASSISTANT ENGINEER(PRODUCT),Fully onsite,2800,MNC (Oversea),
27,IT SUPPORT,Fully onsite,2800,Local,2
29,PRESALES ENGINEER,Hybrid,2800,Local,3
30,JUNIOR ANALYST,Fully onsite,2800,Local,5
30,IT ENGINEER,Fully onsite,2800,Local,6
30,DESKTOP SUPPORT TECHNICIAN,Hybrid,2800,MNC (Local),7
30,NETWORK TECHNICIAN,Fully onsite,2800,Local,3
33,IT,Fully onsite,2800,MNC (Local),10
36,IT ENGINEER,Fully onsite,2800,Local,
44,IT SECURITY & COMPLIANCE EXECUTIVE,Fully onsite,2800,Local,
29,NETWORK ENGINEER,Hybrid,2850,Local,4
34,INFORMATION SUPPORT PERSONNEL,Fully onsite,2850,MNC (Local),10
23,JUNIOR SOFTWARE TESTER,Fully onsite,2900,Local,
23,ADMIN OFFICER,Hybrid,2900,Local,
25,NETWORK ENGINEER,Fully onsite,2900,Local,
26,SYSTEM ENGINEER,Fully onsite,2900,MNC (Local),
28,JUNIOR IT EXECUTIVE,Fully onsite,2900,Local,
28,TECH ANALYST,Fully onsite,2900,MNC (Oversea),
22,SECURITY ANALYST,Fully onsite,3000,Local,0
24,BACKEND DEVELOPER ( JUNIOR POSITION ),Fully onsite,3000,Local,
24,CYBERSECURITY ANALYST,Hybrid,3000,MNC (Local),1
24,"ASSOCIATE PROFESSIONAL, SERVICES FULFIMENT ANALYS LEVERAGE SAAS OPERATIONS",Hybrid,3000,Local,2
24,SOFTWARE QUALITY ANALYST,Hybrid,3000,Local,0
25,SECURITY ANALYST,Fully onsite,3000,MNC (Local),1
25,IT EXECUTIVE,Fully onsite,3000,Local,1
26,SOFTWARE DEVELOPER,Fully onsite,3000,Local,
28,IT ADMIN / SUPPORT,Fully onsite,3000,Local,
29,SYSTEM SUPPORT,Fully work from home,3000,Local,
29,IT TECHNICIAN,Fully onsite,3000,Local,
29,IT SUPPORT ASSOCIATE,Hybrid,3000,MNC (Local),3
30,IT SPECIALIST EXEC,Fully onsite,3000,Local,
30,NETWORK ENGINEER & SYSTEM ENGINEER,Fully onsite,3000,Local,5
30,WEB DEVELOPER,Hybrid,3000,Local,4
30,SYSTEM ANALYST,Hybrid,3000,Local,5
33,IT EXECUTIVE,Fully onsite,3000,MNC (Local),
33,IT INFRA EXECUTIVE,Fully onsite,3000,Local,10
35,COMPUTER TECHNICIAN,Fully onsite,3000,Local,
35,RESIDENT ENG,Fully onsite,3000,Local,10
42,TECHNICAL SUPPORT,Fully onsite,3000,Local,20
31,TECHNICAL SUPPORT,Fully onsite,3024,MNC (Local),5
34,EXECUTIVE IT INTERNAL AUDITOR,Fully onsite,3048,Local,
34,SYSTEM & NETWORK ENGINEER,Fully onsite,3050,MNC (Local),
23,IT SUPPORT ENGINEER,Hybrid,3100,MNC (Oversea),
26,IT ANALYST,Hybrid,3100,MNC (Local),1
26,SOFTWARE DEVELOPER,Hybrid,3100,Local,2
27,JUNIOR PROGRAMMER,Fully onsite,3100,MNC (Oversea),
27,SECURITY ANALYST,Fully onsite,3100,Local,3
28,NETWORK OPERATION CENTER,Fully onsite,3100,MNC (Local),3
31,IT OFFICER,Fully onsite,3100,MNC (Local),
30,MIS EXECUTIVE,Fully onsite,3116,MNC (Local),7
23,DATA ENGINEER,Fully work from home,3125,Local,
27,NETWORK OPERATION CENTER EXECUTIVE,Fully onsite,3145,MNC (Local),2
21,PRESALES ENGINEER,Fully onsite,3150,MNC (Local),1
25,L1 ENGINEER,Fully onsite,3150,Local,2
26,SOFTWARE TEST ENGINEER,Fully onsite,3150,MNC (Local),
25,IT HELPDESK,Fully onsite,3200,MNC (Local),1
26,EXECUTIVE,Fully onsite,3200,MNC (Local),
27,SOC ANALYST L2,Fully onsite,3200,MNC (Local),2
27,IT EXECUTIVE,Fully onsite,3200,Local,3
28,JUNIOR APPLICATION DEVELOPER,Fully onsite,3200,MNC (Local),1
28,SOFTWARE ENGINEER,Hybrid,3200,Local,3
30,ASSISTANT ARCHITECT,Fully onsite,3200,Local,7
32,RAN OPTIMIZATION ENGINEER,Fully work from home,3200,Local,3
33,PROGRAMMER,Fully onsite,3200,MNC (Oversea),
33,IT TECH SUPPORT ENGINEER,Fully onsite,3200,Local,
30,NETWORK SECURITY SPECIALIST,Fully onsite,3200,Local,6
25,1ST LEVEL IT SUPPORT,Fully onsite,3250,MNC (Oversea),
38,SUPPORT ENGINEER,Fully work from home,3250,MNC (Local),17
29,IT OFFICER,Fully onsite,3260,Local,
23,PHP PROGRAMMER,Fully onsite,3300,MNC (Oversea),
25,SECURITY OPERATION CENTER (SOC),Fully onsite,3300,MNC (Local),
25,SOFTWARE DEVELOPER,Fully onsite,3300,Local,1
26,WEB DEV WORDPRESS,Fully onsite,3300,Local,
26,EXECUTIVE IT (IT SUPPORT),Fully onsite,3300,Local,5
28,OFFICE ADMIN,Fully work from home,3300,Local,
30,IT SERVICE DESK,Fully onsite,3300,MNC (Oversea),2
30,VALIDATION ENGINEER,Fully onsite,3300,MNC (Local),5
31,NETWORK ENGINEER,Fully onsite,3300,Local,6
32,IT EXECUTIVE,Fully onsite,3300,Local,8
34,SENIOR WEB DEV,Hybrid,3300,Local,
35,IT SUPPORT EXECUTIVE,Fully onsite,3350,Local,
25,SENIOR IT SUPPORT,Fully onsite,3382,MNC (Oversea),
24,PHP DEVELOPER,Fully onsite,3400,Local,1
26,IT EXEC,Fully onsite,3400,Local,3
27,DATA SCIENTIST,Fully onsite,3400,Local,
29,IT HELPDESK,Fully onsite,3400,MNC (Local),8
30,SOFTWARE TESTED,Fully onsite,3400,MNC (Local),7
31,IT TECHNICIAN,Fully onsite,3400,Local,8
33,HELPDESK,Fully onsite,3400,MNC (Oversea),8
33,SENIOR ENGINEER,Fully onsite,3400,MNC (Oversea),10
29,IT EXECUTIVE,Fully onsite,3450,Local,5
32,PROJECT EXECUTIVE (PMO),Fully onsite,3450,Local,5
32,IT EXECUTIVE,Fully onsite,3484,Local,10
23,APPLICATION DEVELOPER,Fully onsite,3500,Local,
23,JUNIOR PROJECT MANAGER,Fully onsite,3500,Local,0
24,SOFTWARE TESTER,Hybrid,3500,MNC (Oversea),
24,FRONT END DEVELOPER,Hybrid,3500,Local,
24,.NET WEB APP DEVELOPER,Fully onsite,3500,MNC (Local),9
24,IT SUPPORT,Fully onsite,3500,Local,4
25,JAVA DEVELOPER,Fully work from home,3500,MNC (Local),
25,LINUX ENGINEER,Fully work from home,3500,MNC (Local),
25,SYSTEM ANALYST,Hybrid,3500,MNC (Oversea),1
25,SOC ANALYST L1,Fully work from home,3500,MNC (Local),1
25,WEB DEVELOPER,Hybrid,3500,Local,4
25,SURVEILLNCE IT ENGINEER,Fully onsite,3500,Local,1
25,SYSTEM ENGINEER,Hybrid,3500,MNC (Oversea),1
26,FRONTEND DEVELOPER,Fully onsite,3500,Local,4
26,NETWORK AND IT,Fully onsite,3500,MNC (Local),1
26,WEB DEVELOPER,Fully onsite,3500,MNC (Local),2
27,WINDOWS & OFFICE 365 SUPPORT ADMIN,Hybrid,3500,MNC (Local),
27,IT EXECUTIVE,Fully onsite,3500,Local,
27,SOFTWARE TEST ENGINEER,Fully onsite,3500,MNC (Local),
27,SAP CONSULTANT,Hybrid,3500,MNC (Local),3
27,SOFTWARE ENGINEER,Hybrid,3500,Local,2.5
28,JUNOOR SOFTWARE ENGINEER,Fully onsite,3500,Local,
28,NETWORK ENGINEER,Fully onsite,3500,MNC (Local),3
29,L1 IT SUPPORT,Fully onsite,3500,MNC (Local),4
29,FRONT END DEV,Hybrid,3500,Local,4
30,IT EXEC,Fully onsite,3500,Local,
31,IT ENGINEER,Fully onsite,3500,Local,
32,IT SUPPORT TEAM LEAS,Fully onsite,3500,MNC (Local),10
34,SENIOR IT EXECUTIVE,Fully onsite,3500,MNC (Local),11
28,ENTREPRISE APPLICATION SUPPORT,Fully onsite,3550,MNC (Local),2
38,IT ENGINEER,Fully onsite,3550,Local,
23,HELPDESK,Fully onsite,3600,MNC (Oversea),0
24,SOFTWARE DEVELOPER,Fully onsite,3600,Local,0
31,IT EXECUTIVE,Fully onsite,3600,MNC (Local),5
31,IT MANAGER,Fully onsite,3600,Local,11
33,HOD IT,Fully onsite,3600,MNC (Local),8
36,IT EXEC,Fully onsite,3610,Local,
24,ANLAYST,Hybrid,3650,MNC (Oversea),1
25,IT TECHNICAL ENGINEER,Fully onsite,3700,Local,5
26,JUNIOR WEB DEVELOPER,Hybrid,3700,Local,3
27,APPLICATION SPECIALIST,Hybrid,3700,MNC (Local),
28,SOFTWARE ENGINEER,Fully work from home,3700,MNC (Local),6
34,IT SUPPORT TEAM LEADER,Hybrid,3700,MNC (Oversea),
24,SOFTWARE ENGINEER 1,Hybrid,3750,MNC (Local),1
31,FIELD NETWORK ENGINEER,Fully onsite,3750,Local,5
26,SAP JUNIOR CONSULTANT,Fully work from home,3800,MNC (Oversea),
26,FRONTEND,Hybrid,3800,MNC (Oversea),2
28,IT SUPPORT EXECUTIVE,Fully onsite,3800,Local,
32,TECHNICAL HELPDESK ( FIBRE MAXIS ),Hybrid,3800,Local,4
43,CUSTOMER ENGINEER LEADER,Hybrid,3800,MNC (Local),20
27,"SENIOR EXECUTIVE, IT",Fully onsite,3900,MNC (Oversea),
27,IT SECURITY OFFICER,Fully onsite,3900,MNC (Oversea),2
29,APPLICATION SUPPORT ENGINEER,Hybrid,3900,MNC (Local),2
30,IT RECRUITER,Fully onsite,3900,Local,7
36,IT EXEC,Fully onsite,3910,Local,10
25,IT AUDIT,Fully onsite,4000,Local,
26,APPLICATION SUPPORT,Hybrid,4000,MNC (Oversea),1.5
26,IT INFRASTRUCTURE,Fully onsite,4000,Local,2
26,BACKEND DEVELOPER,Fully work from home,4000,Local,2
27,NOC ENGINEER,Hybrid,4000,MNC (Oversea),
27,"SENIOR IT EXECUTIVE, STORE SUPPORT",Hybrid,4000,MNC (Local),
27,SOFTWARE DEVELOPER,Fully onsite,4000,Local,2
28,HELPDESK ENGINEER,Fully work from home,4000,MNC (Oversea),
28,TECHNICAL OPERATIN MANAGER,Fully onsite,4000,Local,
28,ANALYST PROGRAMMER,Fully work from home,4000,MNC (Oversea),
28,BACKEND DEVELOPER,Hybrid,4000,Local,5
28,AZURE INFRASTRUCTURE AND PLANNING,Hybrid,4000,MNC (Oversea),3.4
28,APPLICATION SUPPORT SYSTEMS,Hybrid,4000,Local,4
28,SENIOR CYBER THREAT ANALYST,Fully onsite,4000,Local,3
28,RESIDENTS ENGINEER,Fully onsite,4000,MNC (Local),3
29,TECHNICAL SUPPORT SPECIALIST TIER3,Fully work from home,4000,MNC (Oversea),
29,CLOUD ENGINEER,Hybrid,4000,Local,
29,SYSTEM ENGINEER,Hybrid,4000,Local,7
30,MID DEVELOPER,Hybrid,4000,Local,3
31,SERVICE DESK ENGINEER - IT HELPDESK,Fully onsite,4000,MNC (Oversea),
31,ASSISTANT MANAGER,Fully onsite,4000,MNC (Oversea),
31,QA TECH WRITER,Fully work from home,4000,Local,7
31,IT SUPPORT LEVEL 1,Fully onsite,4000,MNC (Local),7
31,IT SPECIALIST (WORDPRESS DEVELOPER),Fully onsite,4000,Local,10
31,SOFT ENG,Fully onsite,4000,MNC (Local),5
32,IT EXECUTIVE,Fully onsite,4000,MNC (Local),
33,SENIOR TEST ENGINEER,Fully onsite,4000,Local,6
37,IT EXEC,Hybrid,4000,Local,
37,IT SUPPORT,Fully onsite,4000,MNC (Oversea),10
39,IT ENGINEER,Fully onsite,4000,MNC (Oversea),12
44,IT NETWORK ADMINISTRATOR,Hybrid,4000,MNC (Oversea),25
36,IT EXECUTIVE,Fully onsite,4080,Local,15
26,DATA ENGINEER,Hybrid,4090,Local,
31,TECH SUPPORT ENGINEER,Fully work from home,4172,MNC (Oversea),
24,TECHNICAL ARCHITECT,Hybrid,4200,MNC (Oversea),1
24,SYSTEM ADMINISTRATOR SPECIALIST,Fully onsite,4200,MNC (Oversea),2
26,BACKEND DEVELOPER,Hybrid,4200,Local,
27,IT BUSINESS ANALYST,Hybrid,4200,Local,3
36,SENIOR NETWORK SECURITY ENGINEER,Hybrid,4200,MNC (Oversea),
28,IT EXECUTIVE,Fully onsite,4220,MNC (Oversea),
27,SOFTWARE ENGINEER 1 (BACKEND),Fully onsite,4235,MNC (Oversea),2
25,SOLUTION ANLAYST (PRE-SALES) - CYBERSECURITY,Hybrid,4250,Local,3
28,FRONT END DEVELOPER,Fully onsite,4250,Local,
25,FRONTEND ENGINEER,Hybrid,4300,Local,2
27,DATA MANAGEMENT SPECIALIST,Hybrid,4300,MNC (Oversea),3
28,BUSINESS ANALYST,Fully onsite,4300,Local,5
36,IT EXECUTIVE,Fully onsite,4300,Local,
40,IT HELPDESK,Fully onsite,4300,Local,
41,SENIOR IT EXEC,Fully onsite,4300,Local,
31,NETWORK ADMINISTRATOR,Fully onsite,4350,Local,6
27,UI UX DESIGNER,Hybrid,4360,MNC (Oversea),3
29,CYBER SECURITY ENGINEE,Hybrid,4400,Local,5
30,EXECUTIVE,Hybrid,4400,MNC (Local),5
29,TECHNICAL SUPPORT ENGINEER,Hybrid,4429,MNC (Oversea),5
22,SYSTEM ADMINISTRATOR,Hybrid,4500,MNC (Local),2
23,FRONTEND DEVELOPER,Fully work from home,4500,Local,2
25,BDM,Fully onsite,4500,MNC (Local),2
26,SYSTEM OPERATION ENGINEER,Fully onsite,4500,MNC (Oversea),
26,SOLUTION SPECIALIST,Fully onsite,4500,Local,
26,SYSTEM ANALYST,Fully onsite,4500,Local,
26,FULL STACK DEVELOPER,Hybrid,4500,MNC (Local),2
26,ASSOCIATE SOFTWARE QA ENGINEER,Hybrid,4500,MNC (Oversea),2
27,NETWORK ENGINEER,Fully onsite,4500,Local,
27,TEST ENGINEER,Hybrid,4500,Local,4
27,ASSOCIATE TECHNICAL ENGINEER,Hybrid,4500,Local,2
28,SERVICE DESK ANALYST L2,Fully onsite,4500,MNC (Local),
28,CUSTOMER SERVICE ENGINEER (LVL 1 TECHNICAL SUPPORT),Hybrid,4500,MNC (Oversea),2
29,IT MANAGER,Hybrid,4500,Local,5
30,HELP DESK ANALYST,Hybrid,4500,MNC (Oversea),
34,ASSOCIATE IT OFFICER,Fully onsite,4500,Local,
34,CUSTOMER SERVICE ENGINNEE,Hybrid,4500,MNC (Oversea),6
36,IT EXECUTIVE,Fully onsite,4500,MNC (Local),
38,ONSITE SUPPORT,Fully onsite,4500,MNC (Oversea),10
36,SOFTWARE DEVELOPER,Fully onsite,4550,Local,
27,BACKEND DEVELOPER,Fully onsite,4600,MNC (Oversea),
28,TECHNICAL ADVISOR,Fully onsite,4600,MNC (Oversea),4
28,BUSINESS ANALYST,Hybrid,4600,MNC (Oversea),3
32,IT ENGINEER,Fully onsite,4600,MNC (Oversea),
32,MIS EXECUTIVE,Fully onsite,4600,MNC (Local),7
29,SYSTEM ENGINEER,Fully onsite,4700,Local,
29,DATA ANALYST,Fully work from home,4700,MNC (Local),0
30,SECURITY ENGINEER,Hybrid,4700,Local,
30,IT EXECUTIVE,Fully onsite,4700,MNC (Local),
27,ASSOCIATE TEST ANALYST,Hybrid,4702,MNC (Oversea),
23,JUNIOR SAS DEVELOPER,Hybrid,4750,MNC (Oversea),0
27,DATA SCIENTIST,Hybrid,4800,MNC (Local),5
29,SOFTWARE ENGINEER,Fully work from home,4800,Local,
29,SENIOR TEST ENGINEER,Fully onsite,4800,Local,6
29,NETWORK SECURITY ENGINEER,Hybrid,4800,MNC (Local),6
30,NETWORK ENGINEER LEVEL 2,Fully onsite,4800,Local,
32,MANAGER,Fully onsite,4800,Local,15
45,INFORMATION TECHNOLOGY,Fully onsite,4800,MNC (Local),20
31,CUSTOMER SUPPORT SPECIALIST,Hybrid,4830,Local,
26,DATA ANALYST,Fully onsite,4850,Local,3
27,SENIOR PROGRAMMER,Fully onsite,4850,MNC (Oversea),5
28,MOBILE DEVELOPER,Fully onsite,4900,Local,5
32,SUPPORT AGENT,Fully onsite,4900,MNC (Oversea),1
43,SENIOR NETWORK SECURITY,Hybrid,4900,Local,12
23,IT ANALYST,Hybrid,4910,MNC (Local),2
23,IT TECH,Fully onsite,5000,MNC (Oversea),2
25,PHP DEVELOPER,Fully onsite,5000,Local,2
26,MANUAL TESTER,Hybrid,5000,MNC (Oversea),3
26,DEVELOPER,Hybrid,5000,Local,2
27,NETWORK ENGINEER,Fully onsite,5000,Local,
29,SYSTEM ADMINISTRATOR,Hybrid,5000,Local,
29,SYSTEM ENGINEER,Hybrid,5000,Local,5
29,SYSTEM ENGINEER,Fully onsite,5000,MNC (Oversea),5
30,DATA ENGINEER,Fully onsite,5000,Local,
30,NETWORK ENGINEER,Hybrid,5000,Local,
30,SENIOR SOFTWARE ENGINEER,Fully work from home,5000,Local,6
31,FULLSTACK,Fully onsite,5000,Local,
31,AUTOMATION TESTER,Hybrid,5000,MNC (Oversea),
32,L1 TECHNICAL SUPPORT,Fully work from home,5000,MNC (Oversea),
32,MANAGER - IT GOVERNANCE,Hybrid,5000,MNC (Local),
32,HEAD OF DEPARTMENT IT SUPPORT AND OPERATION,Fully onsite,5000,Local,8
33,IT SUPPORT TEAM LEAD,Fully onsite,5000,Local,
34,IT EXECUTIVE,Fully onsite,5000,Local,
34,TEAM LEAD SENIOR ENGINEER,Fully onsite,5000,Local,7
36,ANALYST,Fully onsite,5000,MNC (Oversea),10
38,SENIOR SYSTEM ENGINEER,Fully onsite,5000,MNC (Local),
29,CLOUD ENGINEER (AZURE),Fully onsite,5100,MNC (Local),
37,HEAD OF APPLICATION SUPPORT,Hybrid,5100,Local,
44,FIELD SERVICE ENGINEER,Fully onsite,5100,MNC (Oversea),
28,IT SERVICE DESK ANALYST,Fully work from home,5117,MNC (Oversea),
31,IT SUPPORT SPECIALIST,Hybrid,5150,MNC (Local),
34,SOFTWARE ENGINEER,Hybrid,5155,MNC (Local),5
36,IT ENGINEER,Hybrid,5191,MNC (Oversea),11
27,DEVELOPER,Hybrid,5200,Local,
28,TECHNOLOGY CONSULTANT,Hybrid,5200,MNC (Local),4
33,BUSINESS & INTEGRATION ARCH ANALYST,Hybrid,5240,MNC (Oversea),9
31,IT SENIOR EXECUTIVE,Fully onsite,5250,Local,7
28,IT SUPPORT,Fully onsite,5300,MNC (Oversea),5
30,SENIOR ASSOCIATE UAT TESTER,Fully onsite,5300,MNC (Oversea),
30,SENIOR QUALITY ENGINEER,Fully work from home,5300,MNC (Oversea),6
35,SENIOR IT EXECUTIVE,Fully onsite,5300,MNC (Local),10
40,FIELD ENGINEER / SYSTEM SERVICE REPRESENTATIVE,Hybrid,5300,MNC (Oversea),
39,IT EXECUTIVE,Hybrid,5320,Local,16
32,SENIOR ANALY,Fully onsite,5329,MNC (Local),
27,DATABASE ADMINISTRATOR,Hybrid,5400,MNC (Oversea),
29,SYSTEM AND NETWORK ENGINEER,Fully onsite,5400,MNC (Oversea),2
30,IT EXECUTIVE ( NETWORKING ),Hybrid,5400,MNC (Local),5
26,SECURITY ENGINEER,Hybrid,5500,Local,3
27,APPLICATION SUPPORT L2,Hybrid,5500,MNC (Oversea),
28,TECHNICAL SUPPORT LEVEL 2,Fully work from home,5500,MNC (Oversea),
28,SOFTWARE DEVELOPER,Fully work from home,5500,Local,
29,SOFTWARE DEVELOPER,Hybrid,5500,MNC (Oversea),4
30,IT INFRASTRUCTURE ENGINEER,Hybrid,5500,MNC (Oversea),
37,SYSTEM ENGINEER,Fully onsite,5500,Local,
32,IT TECHNICIAN SUPPORT,Fully onsite,5580,MNC (Oversea),13
27,ETL DEVELOPER,Fully onsite,5600,Local,
29,NETWORK ENGINEER,Fully work from home,5600,Local,3
35,SR ASSOCIATE TECHNICAL SUPPORT ENGINEER,Fully work from home,5600,MNC (Oversea),13
43,OPERATION SUPPORT ENGINEER (APPLICATION),Fully onsite,5600,Local,17
31,SUPPORT ENGINEER,Hybrid,5650,Local,6
30,ENPOINT CYBER SECURITY ANALYST,Hybrid,5700,Local,5
31,IT SPECIALIST,Hybrid,5700,MNC (Oversea),5
41,SECURITY ANALYST,Hybrid,5700,MNC (Oversea),9
44,ASSISTANT TECHNICAL MANAGER,Fully onsite,5700,Local,18
28,SOFTWARE DEVELOPER,Hybrid,5800,Local,5
29,SENIOR SOFTWARE ENGINEER,Hybrid,5800,Local,
30,WINTEL ENGINEER,Hybrid,5800,MNC (Oversea),
36,CUSTOMER APPLOCATION SUPPORT,Hybrid,5800,MNC (Local),10
39,SENIOR SUPPORT ANALYST,Fully onsite,5820,Local,11
34,IT LEAD,Hybrid,5900,MNC (Local),
29,SENIOR ENGINEER,Hybrid,5950,Local,5
25,SAP ABAP DEVELOPER,Hybrid,6000,MNC (Oversea),2
26,TECHNICAL SPECIALIST,Hybrid,6000,MNC (Oversea),
27,IT ENTERPRISE ENGINEER,Fully work from home,6000,MNC (Local),
27,SYSTEM ADMINISTRATOR,Fully onsite,6000,MNC (Oversea),7
27,SOFTWARE DEVELOPER,Hybrid,6000,Local,3
27,SYS ENGINEER,Hybrid,6000,Local,2
28,QA,Fully onsite,6000,Local,
28,SOFTWARE DEVELOPER MID,Hybrid,6000,MNC (Oversea),5
28,"ASSISTANT MANAGER, FULL STACK",Hybrid,6000,MNC (Oversea),5
28,TEST ANALYST - INTERMEDIATE,Hybrid,6000,MNC (Oversea),5
29,ERP FUNCTIONAL CONSULTANT,Hybrid,6000,Local,
29,DEVELOPER,Fully onsite,6000,MNC (Local),5
30,IT ADMINISTRATOR,Fully onsite,6000,MNC (Oversea),
30,SERVICE DESK ANALYST,Hybrid,6000,MNC (Oversea),2
32,SOFTWARE DEVELOPER,Fully work from home,6000,Local,
35,NETWORK ENGINEER,Fully onsite,6000,MNC (Oversea),10
36,IT SUPORT EXEC,Fully onsite,6000,Local,12
38,NETWORK ENGINEER,Hybrid,6000,MNC (Oversea),13
27,DATA CENTRE,Fully onsite,6039,Local,
40,ASSISTANT MANAGER IT,Fully onsite,6050,Local,
34,SENIOR BUSINESS ANALYST,Hybrid,6064,MNC (Local),8
33,NETWORK ENGINEER,Fully onsite,6200,Local,
37,SOC ANALYST,Hybrid,6200,MNC (Local),6
41,SENIOR IT EXECUTIVE,Hybrid,6250,Local,5
31,SOFTWARE ENGINEER,Hybrid,6300,MNC (Oversea),
28,INFRASTRUCTURE ENGINEER,Hybrid,6400,Local,
26,SENIOR SECURITY ANALYST,Fully work from home,6500,Local,3.5
34,SENIOR EXECUTIVE,Fully onsite,6500,MNC (Local),8
36,SYSTEM ENGINEER,Fully onsite,6500,Local,9
38,TECHNICAL MANAGER,Hybrid,6500,Local,
32,SR. SYSTEM ADMINISTRATOR,Fully onsite,6750,Local,9
27,"PLATFORM DEVELOPER, SENIOR ASSOCIATE",Fully onsite,6800,Local,4
35,IT SYSTEM/INFRASTRUCTURE,Hybrid,6800,MNC (Oversea),
39,SENIOR SERVICE DESK SUPPORT EXECUTIVE,Fully onsite,6880,MNC (Local),
34,PRE-SALES CONSULTANT,Fully work from home,6950,Local,10
20,IT SUPPORT,Hybrid,7000,MNC (Oversea),
25,FULL STACK,Fully onsite,7000,Local,4
25,DEVOPS ENGINEER,Fully work from home,7000,MNC (Local),3
29,SYSTEM ANALYST,Hybrid,7000,Local,
29,DATA ENGINEER,Fully work from home,7000,MNC (Oversea),5
29,SENIOR EXECUTIVR,Hybrid,7000,Local,7
30,O365 SPECIALIST,Hybrid,7000,MNC (Oversea),
30,SITE RELIABILITY ENGINEER,Hybrid,7000,Local,4
31,NETWORK CONSULTANT,Fully work from home,7000,Local,8
33,SENIOR WEB DEVELOPER,Fully work from home,7000,Local,
33,CYBERSECURITY ENGINEER,Hybrid,7000,MNC (Oversea),
33,NETWORK ENGINEER,Hybrid,7000,MNC (Oversea),10
35,TECHNICAL SUPPORT EXPERT,Fully onsite,7000,MNC (Oversea),10
35,IT SUPPORT,Fully onsite,7000,MNC (Oversea),10
36,TEAM LEAD SCRITPING,Hybrid,7000,MNC (Oversea),10
38,IT MANAGER,Hybrid,7000,Local,18
39,SYSTEM ADMIN,Fully work from home,7000,Local,16
42,SENIOR ENGINEER (NETWORK & BUSINESS DEVELOPMENT),Fully onsite,7000,Local,
42,TECHNICAL MANAGER,Hybrid,7000,Local,22
52,SOSIAL MEDIA MANAGER,Hybrid,7000,Local,
27,BACKEND DEVELOPER (MID),Hybrid,7120,MNC (Local),
26,SOFTWARE DEVELOPER,Hybrid,7150,MNC (Local),3
28,EXECUTIVE,Hybrid,7250,MNC (Oversea),3
28,SOFTWARE DEVELOPER (JAVA),Fully onsite,7300,Local,4
33,SYSTEM ANALYST,Fully onsite,7300,Local,10
33,SYSTEM ANALYST,Hybrid,7300,Local,10
34,MANAGER,Hybrid,7300,Local,7
34,SENIOR EXECUTIVE,Hybrid,7300,MNC (Local),12
40,BUSSINESS SYSTEM ANALYST,Fully onsite,7350,Local,
28,AI ENGINEER,Hybrid,7400,Local,5
34,SENIOR SOFTWARE ENGINEER,Hybrid,7460,MNC (Local),12
27,ASSOCIATE CLOUD ENGINEER(1 MONTH EXP),Fully work from home,7500,MNC (Oversea),2
28,TECHNICAL SUPPORT,Hybrid,7500,MNC (Oversea),
28,SOFTWARE QA ENGINEER,Hybrid,7500,MNC (Oversea),
30,DEVELOPER,Fully work from home,7500,Local,
33,SYSTEM ENGINEER,Hybrid,7500,Local,
34,SUPPORT ENGINEER,Fully work from home,7500,MNC (Oversea),12
34,IT BUSINESS ANALYST,Hybrid,7500,Local,6
35,FULL STACK DEVELOPER,Fully onsite,7500,Local,
35,QUALITY ASSURANCE MANAGER,Fully work from home,7500,MNC (Local),12
41,"ASSISTANT MANAGER, GRC",Hybrid,7500,Local,16
44,SYSTEM ENGINEER,Hybrid,7500,Local,
31,SENIOR INFORMATION SECURITY ANALYST,Hybrid,7600,MNC (Oversea),7
42,CEO/TECHNICAL ADVISOR & SPECIALIST (GEOICT),Fully onsite,7670,Local,18
31,GLOBAL SUPPORT ENGINEER,Hybrid,7700,MNC (Local),8
33,TEST ANALYST,Fully work from home,7750,MNC (Oversea),9
32,APPLICATION ANALYST,Hybrid,7800,MNC (Oversea),7
43,SENIOR WORDPRESS DEVELOPER,Fully work from home,7800,MNC (Oversea),13
26,SOFTWARE ENGINEER (SENIOR),Hybrid,8000,MNC (Local),
27,SENIOR SECURITY CONSULTANT,Fully work from home,8000,MNC (Oversea),
29,IT SUPPORT COORDINATOR,Hybrid,8000,MNC (Oversea),5
30,BACKEND DEVELOPER,Fully work from home,8000,Local,3
30,ASSISTANT IT MANAGER (NETWORK INFRASTRUCTURE),Fully onsite,8000,MNC (Local),8
31,IT TECHNICAL LEAD,Fully onsite,8000,Local,
34,SECURITY CONSULTANT,Hybrid,8000,Local,11
35,TECHNICAL TEAM LEAD SOFTWARE DEVELOPMENT,Hybrid,8000,Local,
37,DATA ENGINEER,Hybrid,8000,Local,
30,SENIOR NETWORK SECURITY ENGINEER,Fully onsite,8030,Local,6
31,MANAGER,Fully onsite,8300,Local,5
32,PROGRAMMER,Fully onsite,8300,MNC (Oversea),
39,SN SYSTEM ANALYST N CONSULTANT,Fully work from home,8300,MNC (Local),
27,SENIOR SOFTWARE ENGINEER,Hybrid,8500,Local,
28,INFRASTRUCTURE ENGINEER (L3),Hybrid,8500,MNC (Oversea),
35,SENIOR,Hybrid,8500,MNC (Local),11
35,SIEM ENGINEER,Fully onsite,8500,Local,12
39,IT OPERATION SUPPORT ENG,Hybrid,8500,MNC (Oversea),
39,SENIOR SOFTWARE ENGINEER,Fully onsite,8500,MNC (Local),15
43,FULL STACK DEVELOPER,Hybrid,8500,Local,16
38,DATA CENTER TECHNICIAN,Fully onsite,8575,MNC (Oversea),14
31,DEVOPS ENGINEER,Hybrid,8700,Local,5
41,IT MANAGER,Fully onsite,8700,Local,
41,IT MANAGER,Fully onsite,8700,Local,17
39,IT ENGINEER 3,Fully work from home,8750,MNC (Local),15
32,SENIOR DEVELOPER,Hybrid,8800,Local,
41,SERVICE MANAGER,Fully onsite,8800,Local,16
43,UNIX & STORAGE ADMIN,Hybrid,8900,Local,15
28,L3/L4 APP SUPPORT,Fully work from home,9000,MNC (Oversea),
28,IT,Hybrid,9000,MNC (Oversea),3
32,SENIOR FULLSTACK DEVELOPER,Hybrid,9000,Local,
33,SENIOR IT CONSULTANT,Fully onsite,9000,MNC (Oversea),5
38,SENIOR APPLICATION SUPPORT,Fully onsite,9000,MNC (Oversea),
38,NETWORK SECURITY ENGINEER,Fully work from home,9000,MNC (Local),13
41,SENIOR ANALYST,Hybrid,9000,MNC (Oversea),13
41,"AVP, HEAD OF SECTION.",Fully onsite,9000,MNC (Local),21
34,SYSTEM ANALYST,Hybrid,9074,Local,11
34,TEAM LEAD FUNCTIONAL CONSULTANT,Hybrid,9132,MNC (Local),10
30,SENIOR SOFTWARE ENGINEER,Hybrid,9200,MNC (Oversea),7
38,LINUX SYSTEM ADMINISTRATOR,Fully work from home,9300,Local,
36,SENIOR DEVELOPER,Hybrid,9400,MNC (Oversea),
29,LINUX ENGINEER,Fully work from home,9500,MNC (Oversea),5
35,SR ANALYST,Hybrid,9500,MNC (Oversea),11
35,SME,Fully work from home,9600,MNC (Oversea),
43,CLUSTER IT MANAGER (HOTEL),Fully onsite,9800,Local,
36,EXECUTIVE OPERATION (INFRA SUPPORT),Hybrid,9984,MNC (Local),13
29,SENIOR SOFTWARE ENGINEER,Hybrid,9991,MNC (Oversea),6
27,BACKEND DEVELOPER,Hybrid,10000,MNC (Oversea),
36,IT SUPERVISOR,Fully onsite,10000,MNC (Oversea),17
39,ANALYST,Hybrid,10000,Local,20
41,SECTION HEAD,Hybrid,10000,Local,20
42,PROJECT MANAGER,Hybrid,10000,Local,19
30,FULL STACK DEVELOPER,Hybrid,10300,MNC (Oversea),
31,DEVOPS ENGINEER,Hybrid,10500,MNC (Oversea),
40,SENIOR WINTEL VIRTUALIZATION ENGINEER,Hybrid,10500,Local,17
28,QUALITY ANALYST,Fully onsite,10850,MNC (Oversea),4
30,DEVELOPMENT LEAD (PROJECT),Fully work from home,11000,MNC (Oversea),
39,MANAGER ENTERPRISE APPLICATION,Fully onsite,11000,Local,
40,PROJECT MANAGER,Fully onsite,11000,MNC (Local),10
27,JUNIOR RED TEAM OPERATOR,Hybrid,11500,Local,4
27,ETHICAL HACKER,Hybrid,12000,Local,
29,SOFTWARE ENGINEER,Hybrid,12000,MNC (Oversea),7
31,DEVOPS,Fully onsite,12000,MNC (Oversea),8
35,.NET DEVELOPER,Fully work from home,12000,MNC (Oversea),
41,IT SECURITY LEAD,Hybrid,12000,MNC (Local),
31,CLOUD ASSOCIATE MANAGER,Hybrid,12500,MNC (Oversea),
31,SENIOR SOFTWARE DEVELOPER,Fully work from home,12500,MNC (Local),9
31,SOC MANAGER,Hybrid,13000,Local,
37,IT MANAGER,Hybrid,13000,MNC (Oversea),
39,ASST MANAGER,Hybrid,13000,MNC (Oversea),13
40,ASST MANAGER,Hybrid,13000,MNC (Local),
41,HOD,Fully onsite,13000,Local,20
32,TECHNOLOGY CONSULTANT,Fully work from home,13600,MNC (Oversea),8
30,SYS ADMIN,Hybrid,13800,MNC (Oversea),15
30,CREATIVE TECHNOLOGIST,Hybrid,14000,MNC (Local),
31,SOC ANALYST,Hybrid,14000,MNC (Oversea),6
32,SHAREPOINT DEVELOPER,Fully work from home,14000,MNC (Oversea),9
33,LEAD DATA CENTER OPERATION ENG,Fully onsite,14000,MNC (Oversea),12
37,SENIOR MANAGER IAM,Hybrid,14000,MNC (Local),14
40,CMDB OFFICER,Hybrid,14000,MNC (Oversea),
48,TECHNICAL ARCHITECT,Hybrid,14000,MNC (Local),19
40,SOFTWARE ARCHITECT,Hybrid,14500,Local,
36,INFRASTRUCTURE DELIVERY MANAGER,Fully onsite,15000,MNC (Local),5
37,SENIOR AUTOMATION TEST ENGINEER,Hybrid,15000,MNC (Oversea),15
38,LEVEL 3 SUPPORT ENGINEER,Fully work from home,15000,Local,
38,SENIOR MANAGER IT,Hybrid,15000,MNC (Oversea),
36,SOFTWARE ENGINEER,Fully work from home,16000,MNC (Oversea),
54,CYBER SECURITY PM,Hybrid,16260,MNC (Local),31
30,SENIOR SOFTWARE ENGINEER,Hybrid,17300,MNC (Local),7
32,SR CONSULTANT,Fully work from home,17500,MNC (Local),9
39,DEVELOPMENT LEAD,Hybrid,17500,Local,
39,"SENIOR MANAGER, TECH LEAD",Hybrid,18000,Local,17
30,MANAGER FI,Hybrid,19000,Local,8
31,SENIOR RED TEAM OPERATOR,Hybrid,19000,Local,6
35,SENIOR TECHNICAL DELIVERY MANAGER,Fully work from home,19000,MNC (Oversea),
41,SENIOR CYBERSECURITY ENGINEER,Fully work from home,19000,MNC (Oversea),20
40,INFRA SUPPORT,Hybrid,19200,MNC (Oversea),
27,RED TEAM CONSULTANT,Hybrid,20000,Local,5
36,SENIOR SOFTWARE ENGINEER,Fully work from home,20000,MNC (Oversea),
40,TEAM LEAD SOFTWARE DEVELOPER,Hybrid,20000,MNC (Local),12
35,CYBERSECURITY SENIOR SPECIALIST,Hybrid,21000,MNC (Local),17
41,HEAD OF PMO,Hybrid,21000,MNC (Local),
35,SHAREPOINT ARCHITECT,Fully work from home,22000,MNC (Oversea),
41,HEAD OF DATA GOVERNANCE,Hybrid,22500,Local,18
39,CYBERSECURITY MANAGER,Hybrid,24000,Local,17
37,TECH LEAD,Fully work from home,25000,Local,
41,"AVP, AUTOMATION",Hybrid,25000,MNC (Oversea),
47,HEAD OF UNIT,Hybrid,26729,MNC (Local),18
35,VAPT SPECIALIST,Fully work from home,27500,Local,15
38,INCIDENT RESPONSE SPECIALIST,Fully work from home,28000,MNC (Oversea),12
39,IT SECURITY,Fully work from home,28000,MNC (Local),16
29,RED TEAM LEAD,Fully work from home,35000,MNC (Local),6
29,MANAGER RED TEAM,Hybrid,42000,MNC (Local),7
37,MALWARE ANALYST,Fully work from home,51000,MNC (Oversea),14
55,RED TEAM OPERATOR (LEAD),Hybrid,55000,MNC (Local),33
39,EXPLOIT RESEARCHER,Hybrid,61580,MNC (Local),15
38,RED TEAM STRATEGIST,Hybrid,65000,MNC (Local),16
42,SENIOR RED TEAM OPERATOR,Hybrid,68303,MNC (Local),20
37,RED TEAM COORDINATOR,Fully onsite,223500,MNC (Oversea),14
26,SOFTWARE DEVELOPER,Hybrid,4000,MNC (Local),2
24,SOFTWARE ENGINEER,Hybrid,2500,Local,3
26,INFRASTRUCTURE ENGINEER,Fully onsite,2600,Local,2
28,IT EXECUTIVE,Fully onsite,3650,Local,6
28,L3 SUPPORT + DEVELOPER,Fully onsite,4560,MNC (Local),4
23,ANALYST,Hybrid,4910,MNC (Oversea),2
23,CREATIVE STRATEGIST,Fully onsite,2800,Local,1
23,FRESH GRAD SOFTWARE ENGINEER,Fully onsite,3500,Local,0
33,SENIOR IT ENGINEER,Fully onsite,5000,Local,5
24,DESKTOP SUPPORT ENGINEER,Fully onsite,2100,MNC (Local),3
21,ROBLOX GAME DEVELOPER,Fully work from home,2000,Local,2
26,SECURITY ANALYST,Fully onsite,2600,Local,2
26,SOFTWARE ENGINEER,Fully onsite,3600,Local,2
26,IT EXECUTIVE,Fully onsite,2500,Local,5
30,FIELD TECHNICAL SUPPORT,Fully onsite,3000,Local,9
43,MANAGER,Fully onsite,7530,Local,20
21,SOFTWARE DEVELOPER,Fully onsite,2300,Local,1
24,IT SUPPORT,Fully onsite,3000,MNC (Local),1
29,SENIOR FRONTEND DEVELOPER,Hybrid,11000,Local,5
27,SECURITY SPECIALIST,Hybrid,7100,MNC (Oversea),3
26,SECURITY ANALYST,Hybrid,6700,MNC (Oversea),2
31,SENIOR DATA ANALYST,Hybrid,11100,MNC (Oversea),8
24,PENETRATION TESTER,Hybrid,2700,Local,1
27,JR. PRODUCT DESIGNER,Fully onsite,5000,Local,2
24,IT SUPPORT,Fully work from home,7700,MNC (Oversea),1.5
32,SENIOR ASSOCIATE,Hybrid,6000,MNC (Local),5
22,JUNIOR EXECUTIVE CYBERSECURITY,Hybrid,3500,MNC (Oversea),0
34,CUSTOMER OPERATIONS TEAM LEADER,Fully onsite,9115,MNC (Local),10
24,EXECUTIVE,Hybrid,5500,MNC (Local),1
28,SYSTEM ANALYST,Hybrid,6000,MNC (Local),2
26,IT SUPPORT,Hybrid,8000,MNC (Oversea),3
31,UIUX DESIGNER,Hybrid,4500,Local,7
25,POWER PLATFORM DEVELOPER,Fully work from home,4000,MNC (Oversea),3
34,TECHNICAL SUPPORT ENGINEER,Fully onsite,2500,Local,7
32,SYSTEM ANALYST,Fully work from home,5000,Local,8
23,IT EXECUTIVE,Fully work from home,2200,Local,1
34,MANAGER,Hybrid,7400,MNC (Oversea),9
26,IT SUPPORT SPECIALIST,Fully onsite,3200,Local,9
27,PMO,Fully onsite,3600,Local,4
22,INTERN,Hybrid,800,Local,1
28,TECHNICAL ADVISOR,Fully onsite,4614,MNC (Oversea),4
